{"cameraMode":{"drawMode":0,"name":"Shaded","section":"Shading Mode"},"sceneLighting":false,"audioPlay":false,"sceneViewState":{"showFog":true,"showMaterialUpdate":false,"showSkybox":false,"showFlares":true,"showImageEffects":true,"showParticleSystems":true},"in2DMode":false,"pivot":{"x":-0.0294285137206316,"y":-0.34097760915756228,"z":-0.6492372155189514},"rotation":{"x":-0.7417491674423218,"y":0.010458595119416714,"z":-0.011569993570446968,"w":-0.6704952716827393},"size":3.203667640686035,"orthographic":false}