{"cameraMode":{"drawMode":0,"name":"Shaded","section":"Shading Mode"},"sceneLighting":false,"audioPlay":false,"sceneViewState":{"showFog":true,"showMaterialUpdate":false,"showSkybox":false,"showFlares":true,"showImageEffects":true,"showParticleSystems":true},"in2DMode":false,"pivot":{"x":0.23178637027740479,"y":0.5409010648727417,"z":0.10427975654602051},"rotation":{"x":-0.23594321310520173,"y":0.16578848659992219,"z":-0.040889300405979159,"w":-0.9566468596458435},"size":0.8833462595939636,"orthographic":false}