{"cameraMode":{"drawMode":0,"name":"Shaded","section":"Shading Mode"},"sceneLighting":false,"audioPlay":false,"sceneViewState":{"showFog":true,"showMaterialUpdate":false,"showSkybox":false,"showFlares":true,"showImageEffects":true,"showParticleSystems":true},"in2DMode":false,"pivot":{"x":859.6742553710938,"y":1225.5626220703125,"z":219.780517578125},"rotation":{"x":0.01680692657828331,"y":0.01680712401866913,"z":-0.0002825438277795911,"w":0.9997249841690064},"size":1630.92822265625,"orthographic":false}